Datapoints,Price,Name
0,501,shop
1,501,shop
2,502,shop
3,498,shop
4,502,shop
5,504,shop
6,500,shop
7,504,shop
8,508,shop
9,507,shop
10,511,shop
11,511,shop
12,508,shop
13,512,shop
14,512,shop
15,511,shop
16,516,shop
17,520,shop
18,516,shop
19,519,shop
20,517,shop
21,516,shop
22,513,shop
23,510,shop
24,514,shop
25,518,shop
26,515,shop
27,516,shop
28,519,shop
29,519,shop
30,520,shop
31,522,shop
32,520,shop
33,524,shop
34,526,shop
35,525,shop
36,523,shop
37,524,shop
38,523,shop
39,524,shop
40,524,shop
41,524,shop
42,526,shop
43,525,shop
44,528,shop
45,532,shop
46,537,shop
47,532,shop
48,528,shop
49,528,shop
50,523,shop
51,523,shop
52,528,shop
53,527,shop
54,526,shop
55,521,shop
56,522,shop
57,518,shop
58,522,shop
59,525,shop
60,525,shop
61,524,shop
62,523,shop
63,522,shop
64,527,shop
65,530,shop
66,526,shop
67,523,shop
68,525,shop
69,524,shop
70,527,shop
71,522,shop
72,523,shop
73,521,shop
74,524,shop
75,528,shop
76,531,shop
77,535,shop
78,538,shop
79,542,shop
80,540,shop
81,541,shop
82,544,shop
83,540,shop
84,539,shop
85,538,shop
86,538,shop
87,539,shop
88,542,shop
89,538,shop
90,535,shop
91,531,shop
92,535,shop
93,531,shop
94,532,shop
95,532,shop
96,529,shop
97,533,shop
98,535,shop
99,532,shop
100,535,shop
101,536,shop
102,532,shop
103,529,shop
104,527,shop
105,527,shop
106,528,shop
107,530,shop
108,526,shop
109,524,shop
110,521,shop
111,523,shop
112,528,shop
113,530,shop
114,530,shop
115,534,shop
116,536,shop
117,537,shop
118,538,shop
119,541,shop
120,541,shop
121,544,shop
122,542,shop
123,539,shop
124,534,shop
125,537,shop
126,541,shop
127,537,shop
128,538,shop
129,536,shop
130,536,shop
131,538,shop
132,535,shop
133,535,shop
134,538,shop
135,538,shop
136,540,shop
137,540,shop
138,543,shop
139,543,shop
140,543,shop
141,546,shop
142,542,shop
143,545,shop
144,547,shop
145,547,shop
146,543,shop
147,547,shop
148,547,shop
149,543,shop
150,547,shop
151,548,shop
152,546,shop
153,542,shop
154,541,shop
155,537,shop
156,542,shop
157,546,shop
158,542,shop
159,538,shop
160,538,shop
161,540,shop
162,543,shop
163,539,shop
164,538,shop
165,533,shop
166,537,shop
167,536,shop
168,537,shop
169,540,shop
170,541,shop
171,539,shop
172,539,shop
173,539,shop
174,536,shop
175,538,shop
176,543,shop
177,544,shop
178,540,shop
179,537,shop
180,537,shop
181,532,shop
182,531,shop
183,527,shop
184,528,shop
185,524,shop
186,522,shop
187,524,shop
188,526,shop
189,523,shop
190,521,shop
191,516,shop
192,520,shop
193,518,shop
194,516,shop
195,513,shop
196,513,shop
197,513,shop
198,510,shop
199,513,shop
200,508,shop
201,505,shop
202,504,shop
203,507,shop
204,502,shop
205,503,shop
206,504,shop
207,501,shop
208,501,shop
209,505,shop
210,509,shop
211,505,shop
212,508,shop
213,506,shop
214,502,shop
215,501,shop
216,499,shop
217,495,shop
218,495,shop
219,490,shop
220,492,shop
221,497,shop
222,500,shop
223,504,shop
224,503,shop
225,502,shop
226,499,shop
227,496,shop
228,492,shop
229,494,shop
230,494,shop
231,492,shop
232,492,shop
233,492,shop
234,495,shop
235,493,shop
236,496,shop
237,494,shop
238,497,shop
239,494,shop
240,496,shop
241,497,shop
242,502,shop
243,498,shop
244,497,shop
245,500,shop
246,497,shop
247,494,shop
248,491,shop
249,493,shop
250,493,shop
251,493,shop
252,497,shop
253,498,shop
254,494,shop
255,491,shop
256,495,shop
257,492,shop
258,488,shop
259,484,shop
260,488,shop
261,487,shop
262,484,shop
263,481,shop
264,485,shop
265,490,shop
266,486,shop
267,486,shop
268,490,shop
269,491,shop
270,486,shop
271,488,shop
272,485,shop
273,487,shop
274,491,shop
275,496,shop
276,497,shop
277,500,shop
278,504,shop
279,499,shop
280,503,shop
281,499,shop
282,500,shop
283,502,shop
284,507,shop
285,508,shop
286,505,shop
287,504,shop
288,503,shop
289,506,shop
290,508,shop
291,507,shop
292,510,shop
293,515,shop
294,515,shop
295,517,shop
296,514,shop
297,510,shop
298,509,shop
299,513,shop
300,514,shop
301,516,shop
302,520,shop
303,516,shop
304,514,shop
305,515,shop
306,514,shop
307,510,shop
308,514,shop
309,514,shop
310,514,shop
311,513,shop
312,517,shop
313,516,shop
314,513,shop
315,518,shop
316,523,shop
317,518,shop
318,521,shop
319,518,shop
320,516,shop
321,519,shop
322,520,shop
323,516,shop
324,520,shop
325,520,shop
326,516,shop
327,517,shop
328,517,shop
329,514,shop
330,517,shop
331,516,shop
332,514,shop
333,513,shop
334,512,shop
335,516,shop
336,517,shop
337,520,shop
338,515,shop
339,514,shop
340,519,shop
341,517,shop
342,518,shop
343,515,shop
344,517,shop
345,513,shop
346,513,shop
347,510,shop
348,513,shop
349,517,shop
350,521,shop
351,521,shop
352,523,shop
353,518,shop
354,517,shop
355,515,shop
356,514,shop
357,509,shop
358,506,shop
359,503,shop
360,501,shop
361,502,shop
362,505,shop
363,504,shop
364,507,shop
365,507,shop
366,504,shop
367,503,shop
368,498,shop
369,501,shop
370,503,shop
371,501,shop
372,499,shop
373,503,shop
374,503,shop
375,499,shop
376,503,shop
377,505,shop
378,506,shop
379,509,shop
380,512,shop
381,516,shop
382,518,shop
383,521,shop
384,519,shop
385,520,shop
386,522,shop
387,521,shop
388,524,shop
389,524,shop
390,524,shop
391,528,shop
392,524,shop
393,525,shop
394,521,shop
395,526,shop
396,531,shop
397,531,shop
398,536,shop
399,534,shop
400,532,shop
401,530,shop
402,534,shop
403,535,shop
404,538,shop
405,543,shop
406,546,shop
407,545,shop
408,541,shop
409,546,shop
410,547,shop
411,546,shop
412,547,shop
413,545,shop
414,544,shop
415,541,shop
416,536,shop
417,535,shop
418,530,shop
419,525,shop
420,523,shop
421,518,shop
422,514,shop
423,510,shop
424,506,shop
425,507,shop
426,512,shop
427,515,shop
428,512,shop
429,510,shop
430,507,shop
431,502,shop
432,502,shop
433,502,shop
434,499,shop
435,500,shop
436,496,shop
437,498,shop
438,494,shop
439,494,shop
440,493,shop
441,498,shop
442,500,shop
443,498,shop
444,500,shop
445,503,shop
446,501,shop
447,501,shop
448,501,shop
449,502,shop
450,502,shop
451,497,shop
452,499,shop
453,504,shop
454,503,shop
455,506,shop
456,502,shop
457,506,shop
458,504,shop
459,506,shop
460,511,shop
461,507,shop
462,510,shop
463,512,shop
464,514,shop
465,515,shop
466,514,shop
467,510,shop
468,511,shop
469,513,shop
470,508,shop
471,507,shop
472,512,shop
473,509,shop
474,506,shop
475,501,shop
476,503,shop
477,507,shop
478,510,shop
479,511,shop
480,514,shop
481,517,shop
482,519,shop
483,521,shop
484,517,shop
485,514,shop
486,517,shop
487,516,shop
488,512,shop
489,515,shop
490,518,shop
491,513,shop
492,512,shop
493,514,shop
494,514,shop
495,513,shop
496,515,shop
497,518,shop
498,517,shop
499,522,shop
500,521,shop
501,516,shop
502,518,shop
503,514,shop
504,519,shop
505,524,shop
506,520,shop
507,524,shop
508,521,shop
509,523,shop
510,519,shop
511,520,shop
512,523,shop
513,519,shop
514,518,shop
515,516,shop
516,515,shop
517,512,shop
518,509,shop
519,514,shop
520,518,shop
521,520,shop
522,520,shop
523,519,shop
524,517,shop
525,518,shop
526,522,shop
527,523,shop
528,523,shop
529,518,shop
530,519,shop
531,522,shop
532,518,shop
533,520,shop
534,517,shop
535,515,shop
536,515,shop
537,516,shop
538,520,shop
539,523,shop
540,521,shop
541,525,shop
542,522,shop
543,526,shop
544,530,shop
545,531,shop
546,533,shop
547,536,shop
548,537,shop
549,535,shop
550,534,shop
551,534,shop
552,533,shop
553,532,shop
554,530,shop
555,533,shop
556,533,shop
557,536,shop
558,533,shop
559,535,shop
560,536,shop
561,534,shop
562,531,shop
563,533,shop
564,538,shop
565,536,shop
566,533,shop
567,530,shop
568,534,shop
569,537,shop
570,533,shop
571,531,shop
572,535,shop
573,539,shop
574,535,shop
575,534,shop
576,533,shop
577,530,shop
578,532,shop
579,530,shop
580,528,shop
581,526,shop
582,524,shop
583,522,shop
584,522,shop
585,519,shop
586,515,shop
587,518,shop
588,522,shop
589,527,shop
590,526,shop
591,525,shop
592,521,shop
593,517,shop
594,515,shop
595,516,shop
596,515,shop
597,518,shop
598,520,shop
599,517,shop
600,513,shop
601,511,shop
602,513,shop
603,517,shop
604,521,shop
605,526,shop
606,525,shop
607,527,shop
608,531,shop
609,531,shop
610,533,shop
611,536,shop
612,540,shop
613,535,shop
614,536,shop
615,537,shop
616,541,shop
617,537,shop
618,537,shop
619,538,shop
620,535,shop
621,531,shop
622,529,shop
623,534,shop
624,535,shop
625,534,shop
626,533,shop
627,531,shop
628,530,shop
629,526,shop
630,524,shop
631,521,shop
632,524,shop
633,526,shop
634,524,shop
635,522,shop
636,518,shop
637,519,shop
638,520,shop
639,523,shop
640,528,shop
641,524,shop
642,522,shop
643,525,shop
644,522,shop
645,526,shop
646,522,shop
647,525,shop
648,521,shop
649,517,shop
650,518,shop
651,514,shop
652,510,shop
653,513,shop
654,513,shop
655,515,shop
656,519,shop
657,519,shop
658,519,shop
659,520,shop
660,523,shop
661,523,shop
662,521,shop
663,519,shop
664,522,shop
665,521,shop
666,522,shop
667,522,shop
668,523,shop
669,522,shop
670,523,shop
671,525,shop
672,528,shop
673,531,shop
674,530,shop
675,530,shop
676,535,shop
677,536,shop
678,539,shop
679,542,shop
680,540,shop
681,537,shop
682,537,shop
683,534,shop
684,536,shop
685,535,shop
686,534,shop
687,533,shop
688,535,shop
689,536,shop
690,534,shop
691,534,shop
692,531,shop
693,532,shop
694,536,shop
695,532,shop
696,531,shop
697,529,shop
698,531,shop
699,535,shop
700,531,shop
701,534,shop
702,531,shop
703,532,shop
704,528,shop
705,527,shop
706,524,shop
707,522,shop
708,519,shop
709,519,shop
710,517,shop
711,521,shop
712,516,shop
713,519,shop
714,516,shop
715,511,shop
716,513,shop
717,508,shop
718,508,shop
719,504,shop
720,505,shop
721,507,shop
722,503,shop
723,506,shop
724,505,shop
725,500,shop
726,501,shop
727,496,shop
728,494,shop
729,489,shop
730,484,shop
731,485,shop
732,486,shop
733,490,shop
734,485,shop
735,484,shop
736,485,shop
737,487,shop
738,484,shop
739,482,shop
740,485,shop
741,489,shop
742,487,shop
743,486,shop
744,482,shop
745,480,shop
746,477,shop
747,473,shop
748,475,shop
749,473,shop
750,471,shop
751,472,shop
752,471,shop
753,471,shop
754,470,shop
755,469,shop
756,465,shop
757,461,shop
758,457,shop
759,458,shop
760,461,shop
761,457,shop
762,455,shop
763,450,shop
764,452,shop
765,457,shop
766,452,shop
767,455,shop
768,453,shop
769,449,shop
770,447,shop
771,444,shop
772,443,shop
773,446,shop
774,442,shop
775,443,shop
776,442,shop
777,443,shop
778,443,shop
779,439,shop
780,437,shop
781,439,shop
782,442,shop
783,443,shop
784,440,shop
785,436,shop
786,432,shop
787,434,shop
788,429,shop
789,426,shop
790,424,shop
791,427,shop
792,432,shop
793,436,shop
794,439,shop
795,440,shop
796,444,shop
797,445,shop
798,442,shop
799,444,shop
800,444,shop
801,447,shop
802,447,shop
803,452,shop
804,457,shop
805,462,shop
806,465,shop
807,467,shop
808,472,shop
809,475,shop
810,479,shop
811,478,shop
812,480,shop
813,480,shop
814,482,shop
815,478,shop
816,479,shop
817,478,shop
818,482,shop
819,484,shop
820,479,shop
821,483,shop
822,487,shop
823,489,shop
824,486,shop
825,481,shop
826,485,shop
827,485,shop
828,484,shop
829,485,shop
830,483,shop
831,480,shop
832,476,shop
833,473,shop
834,469,shop
835,471,shop
836,471,shop
837,467,shop
838,462,shop
839,464,shop
840,460,shop
841,458,shop
842,458,shop
843,456,shop
844,452,shop
845,453,shop
846,450,shop
847,447,shop
848,442,shop
849,444,shop
850,441,shop
851,439,shop
852,441,shop
853,439,shop
854,435,shop
855,431,shop
856,429,shop
857,426,shop
858,430,shop
859,431,shop
860,428,shop
861,424,shop
862,423,shop
863,424,shop
864,427,shop
865,430,shop
866,435,shop
867,432,shop
868,429,shop
869,426,shop
870,421,shop
871,422,shop
872,422,shop
873,419,shop
874,414,shop
875,419,shop
876,415,shop
877,417,shop
878,418,shop
879,422,shop
880,421,shop
881,416,shop
882,412,shop
883,415,shop
884,416,shop
885,413,shop
886,412,shop
887,409,shop
888,410,shop
889,412,shop
890,407,shop
891,405,shop
892,407,shop
893,412,shop
894,413,shop
895,409,shop
896,413,shop
897,411,shop
898,411,shop
899,413,shop
900,416,shop
901,418,shop
902,415,shop
903,419,shop
904,418,shop
905,415,shop
906,412,shop
907,411,shop
908,408,shop
909,408,shop
910,411,shop
911,406,shop
912,404,shop
913,404,shop
914,399,shop
915,394,shop
916,396,shop
917,399,shop
918,401,shop
919,400,shop
920,396,shop
921,398,shop
922,399,shop
923,398,shop
924,395,shop
925,397,shop
926,399,shop
927,403,shop
928,401,shop
929,402,shop
930,397,shop
931,393,shop
932,395,shop
933,400,shop
934,398,shop
935,399,shop
936,394,shop
937,398,shop
938,397,shop
939,396,shop
940,392,shop
941,395,shop
942,395,shop
943,399,shop
944,396,shop
945,391,shop
946,394,shop
947,393,shop
948,392,shop
949,390,shop
950,391,shop
951,392,shop
952,395,shop
953,400,shop
954,398,shop
955,397,shop
956,401,shop
957,402,shop
958,405,shop
959,407,shop
960,409,shop
961,413,shop
962,417,shop
963,413,shop
964,415,shop
965,414,shop
966,417,shop
967,417,shop
968,415,shop
969,410,shop
970,406,shop
971,402,shop
972,406,shop
973,409,shop
974,404,shop
975,406,shop
976,407,shop
977,407,shop
978,406,shop
979,411,shop
980,406,shop
981,403,shop
982,404,shop
983,404,shop
984,405,shop
985,405,shop
986,402,shop
987,403,shop
988,405,shop
989,406,shop
990,409,shop
991,410,shop
992,412,shop
993,410,shop
994,409,shop
995,409,shop
996,411,shop
997,407,shop
998,409,shop
999,406,shop
0,500,fb
1,504,fb
2,507,fb
3,510,fb
4,514,fb
5,511,fb
6,510,fb
7,515,fb
8,512,fb
9,512,fb
10,517,fb
11,515,fb
12,512,fb
13,515,fb
14,516,fb
15,520,fb
16,519,fb
17,518,fb
18,520,fb
19,516,fb
20,519,fb
21,523,fb
22,528,fb
23,525,fb
24,529,fb
25,534,fb
26,533,fb
27,528,fb
28,531,fb
29,533,fb
30,529,fb
31,530,fb
32,532,fb
33,533,fb
34,532,fb
35,528,fb
36,527,fb
37,522,fb
38,522,fb
39,519,fb
40,519,fb
41,523,fb
42,523,fb
43,521,fb
44,521,fb
45,526,fb
46,524,fb
47,519,fb
48,516,fb
49,519,fb
50,517,fb
51,521,fb
52,519,fb
53,519,fb
54,519,fb
55,522,fb
56,519,fb
57,515,fb
58,516,fb
59,516,fb
60,518,fb
61,514,fb
62,516,fb
63,518,fb
64,522,fb
65,518,fb
66,522,fb
67,525,fb
68,527,fb
69,522,fb
70,526,fb
71,523,fb
72,527,fb
73,529,fb
74,532,fb
75,533,fb
76,530,fb
77,530,fb
78,530,fb
79,534,fb
80,537,fb
81,542,fb
82,543,fb
83,539,fb
84,544,fb
85,544,fb
86,540,fb
87,542,fb
88,537,fb
89,540,fb
90,542,fb
91,539,fb
92,543,fb
93,547,fb
94,548,fb
95,553,fb
96,552,fb
97,557,fb
98,560,fb
99,556,fb
100,556,fb
101,559,fb
102,562,fb
103,567,fb
104,571,fb
105,574,fb
106,575,fb
107,573,fb
108,576,fb
109,573,fb
110,577,fb
111,573,fb
112,577,fb
113,575,fb
114,577,fb
115,574,fb
116,577,fb
117,573,fb
118,577,fb
119,575,fb
120,572,fb
121,576,fb
122,571,fb
123,572,fb
124,573,fb
125,571,fb
126,573,fb
127,577,fb
128,581,fb
129,578,fb
130,574,fb
131,571,fb
132,575,fb
133,579,fb
134,577,fb
135,574,fb
136,579,fb
137,576,fb
138,575,fb
139,577,fb
140,573,fb
141,573,fb
142,571,fb
143,566,fb
144,571,fb
145,573,fb
146,571,fb
147,567,fb
148,563,fb
149,561,fb
150,563,fb
151,563,fb
152,559,fb
153,554,fb
154,558,fb
155,555,fb
156,555,fb
157,554,fb
158,558,fb
159,557,fb
160,556,fb
161,558,fb
162,562,fb
163,564,fb
164,563,fb
165,565,fb
166,570,fb
167,570,fb
168,572,fb
169,575,fb
170,580,fb
171,578,fb
172,578,fb
173,581,fb
174,581,fb
175,584,fb
176,581,fb
177,583,fb
178,586,fb
179,587,fb
180,590,fb
181,588,fb
182,587,fb
183,586,fb
184,585,fb
185,581,fb
186,577,fb
187,574,fb
188,576,fb
189,573,fb
190,571,fb
191,570,fb
192,574,fb
193,573,fb
194,577,fb
195,576,fb
196,577,fb
197,579,fb
198,579,fb
199,576,fb
200,576,fb
201,572,fb
202,569,fb
203,573,fb
204,578,fb
205,577,fb
206,580,fb
207,584,fb
208,584,fb
209,585,fb
210,586,fb
211,587,fb
212,587,fb
213,591,fb
214,596,fb
215,593,fb
216,589,fb
217,585,fb
218,586,fb
219,584,fb
220,588,fb
221,590,fb
222,588,fb
223,587,fb
224,583,fb
225,588,fb
226,590,fb
227,586,fb
228,583,fb
229,583,fb
230,579,fb
231,581,fb
232,579,fb
233,584,fb
234,584,fb
235,587,fb
236,589,fb
237,584,fb
238,588,fb
239,592,fb
240,596,fb
241,595,fb
242,596,fb
243,599,fb
244,603,fb
245,604,fb
246,602,fb
247,602,fb
248,606,fb
249,608,fb
250,612,fb
251,613,fb
252,609,fb
253,608,fb
254,603,fb
255,600,fb
256,600,fb
257,600,fb
258,601,fb
259,596,fb
260,598,fb
261,600,fb
262,600,fb
263,601,fb
264,602,fb
265,603,fb
266,606,fb
267,609,fb
268,613,fb
269,614,fb
270,614,fb
271,615,fb
272,619,fb
273,622,fb
274,621,fb
275,620,fb
276,620,fb
277,625,fb
278,622,fb
279,624,fb
280,623,fb
281,621,fb
282,622,fb
283,619,fb
284,618,fb
285,623,fb
286,626,fb
287,628,fb
288,630,fb
289,633,fb
290,633,fb
291,632,fb
292,627,fb
293,631,fb
294,626,fb
295,624,fb
296,625,fb
297,630,fb
298,635,fb
299,635,fb
300,635,fb
301,635,fb
302,632,fb
303,634,fb
304,630,fb
305,627,fb
306,630,fb
307,634,fb
308,638,fb
309,641,fb
310,643,fb
311,642,fb
312,647,fb
313,651,fb
314,649,fb
315,652,fb
316,654,fb
317,656,fb
318,660,fb
319,663,fb
320,662,fb
321,660,fb
322,657,fb
323,658,fb
324,655,fb
325,652,fb
326,649,fb
327,648,fb
328,645,fb
329,648,fb
330,652,fb
331,652,fb
332,656,fb
333,660,fb
334,659,fb
335,657,fb
336,659,fb
337,656,fb
338,651,fb
339,649,fb
340,646,fb
341,642,fb
342,644,fb
343,641,fb
344,646,fb
345,649,fb
346,654,fb
347,650,fb
348,654,fb
349,649,fb
350,647,fb
351,647,fb
352,645,fb
353,642,fb
354,640,fb
355,640,fb
356,635,fb
357,634,fb
358,630,fb
359,626,fb
360,629,fb
361,631,fb
362,630,fb
363,634,fb
364,639,fb
365,642,fb
366,643,fb
367,642,fb
368,646,fb
369,649,fb
370,648,fb
371,652,fb
372,654,fb
373,654,fb
374,657,fb
375,659,fb
376,663,fb
377,661,fb
378,660,fb
379,662,fb
380,659,fb
381,662,fb
382,664,fb
383,667,fb
384,668,fb
385,663,fb
386,663,fb
387,663,fb
388,661,fb
389,659,fb
390,662,fb
391,658,fb
392,661,fb
393,663,fb
394,666,fb
395,671,fb
396,673,fb
397,674,fb
398,671,fb
399,671,fb
400,671,fb
401,672,fb
402,672,fb
403,670,fb
404,666,fb
405,671,fb
406,666,fb
407,670,fb
408,667,fb
409,670,fb
410,667,fb
411,671,fb
412,673,fb
413,668,fb
414,667,fb
415,671,fb
416,670,fb
417,672,fb
418,670,fb
419,669,fb
420,665,fb
421,670,fb
422,666,fb
423,667,fb
424,668,fb
425,666,fb
426,665,fb
427,667,fb
428,666,fb
429,661,fb
430,663,fb
431,663,fb
432,660,fb
433,664,fb
434,663,fb
435,659,fb
436,657,fb
437,659,fb
438,661,fb
439,660,fb
440,658,fb
441,661,fb
442,661,fb
443,662,fb
444,667,fb
445,671,fb
446,668,fb
447,668,fb
448,670,fb
449,667,fb
450,671,fb
451,670,fb
452,665,fb
453,663,fb
454,663,fb
455,666,fb
456,671,fb
457,670,fb
458,670,fb
459,673,fb
460,673,fb
461,668,fb
462,667,fb
463,671,fb
464,673,fb
465,672,fb
466,671,fb
467,669,fb
468,671,fb
469,673,fb
470,671,fb
471,669,fb
472,668,fb
473,663,fb
474,661,fb
475,665,fb
476,666,fb
477,670,fb
478,674,fb
479,678,fb
480,681,fb
481,679,fb
482,681,fb
483,686,fb
484,687,fb
485,685,fb
486,681,fb
487,684,fb
488,688,fb
489,690,fb
490,690,fb
491,691,fb
492,695,fb
493,695,fb
494,699,fb
495,700,fb
496,699,fb
497,697,fb
498,699,fb
499,695,fb
500,690,fb
501,686,fb
502,690,fb
503,688,fb
504,691,fb
505,693,fb
506,689,fb
507,688,fb
508,686,fb
509,691,fb
510,687,fb
511,686,fb
512,682,fb
513,686,fb
514,687,fb
515,688,fb
516,687,fb
517,691,fb
518,688,fb
519,692,fb
520,695,fb
521,696,fb
522,695,fb
523,694,fb
524,698,fb
525,699,fb
526,696,fb
527,698,fb
528,703,fb
529,703,fb
530,700,fb
531,705,fb
532,707,fb
533,705,fb
534,706,fb
535,705,fb
536,706,fb
537,702,fb
538,700,fb
539,698,fb
540,698,fb
541,693,fb
542,692,fb
543,693,fb
544,690,fb
545,692,fb
546,693,fb
547,697,fb
548,702,fb
549,703,fb
550,699,fb
551,702,fb
552,704,fb
553,702,fb
554,702,fb
555,701,fb
556,702,fb
557,700,fb
558,695,fb
559,691,fb
560,687,fb
561,690,fb
562,685,fb
563,687,fb
564,689,fb
565,694,fb
566,693,fb
567,691,fb
568,692,fb
569,690,fb
570,693,fb
571,694,fb
572,696,fb
573,700,fb
574,698,fb
575,695,fb
576,698,fb
577,702,fb
578,704,fb
579,705,fb
580,704,fb
581,701,fb
582,698,fb
583,702,fb
584,700,fb
585,703,fb
586,705,fb
587,703,fb
588,699,fb
589,702,fb
590,705,fb
591,702,fb
592,703,fb
593,701,fb
594,699,fb
595,703,fb
596,703,fb
597,704,fb
598,708,fb
599,711,fb
600,706,fb
601,702,fb
602,706,fb
603,708,fb
604,713,fb
605,711,fb
606,709,fb
607,707,fb
608,706,fb
609,703,fb
610,699,fb
611,702,fb
612,706,fb
613,710,fb
614,712,fb
615,709,fb
616,713,fb
617,708,fb
618,713,fb
619,717,fb
620,713,fb
621,712,fb
622,715,fb
623,716,fb
624,716,fb
625,717,fb
626,714,fb
627,718,fb
628,721,fb
629,725,fb
630,721,fb
631,716,fb
632,713,fb
633,713,fb
634,712,fb
635,715,fb
636,715,fb
637,715,fb
638,712,fb
639,708,fb
640,707,fb
641,707,fb
642,704,fb
643,699,fb
644,699,fb
645,700,fb
646,698,fb
647,702,fb
648,705,fb
649,704,fb
650,704,fb
651,707,fb
652,704,fb
653,707,fb
654,709,fb
655,705,fb
656,708,fb
657,705,fb
658,705,fb
659,701,fb
660,701,fb
661,702,fb
662,706,fb
663,703,fb
664,707,fb
665,705,fb
666,701,fb
667,701,fb
668,698,fb
669,696,fb
670,699,fb
671,695,fb
672,698,fb
673,703,fb
674,701,fb
675,704,fb
676,699,fb
677,699,fb
678,696,fb
679,697,fb
680,694,fb
681,692,fb
682,689,fb
683,688,fb
684,686,fb
685,685,fb
686,689,fb
687,693,fb
688,695,fb
689,699,fb
690,702,fb
691,706,fb
692,707,fb
693,711,fb
694,716,fb
695,717,fb
696,714,fb
697,712,fb
698,708,fb
699,704,fb
700,709,fb
701,709,fb
702,708,fb
703,707,fb
704,704,fb
705,708,fb
706,704,fb
707,706,fb
708,709,fb
709,709,fb
710,705,fb
711,703,fb
712,699,fb
713,704,fb
714,700,fb
715,699,fb
716,695,fb
717,695,fb
718,697,fb
719,692,fb
720,695,fb
721,698,fb
722,702,fb
723,705,fb
724,705,fb
725,704,fb
726,702,fb
727,701,fb
728,703,fb
729,705,fb
730,709,fb
731,706,fb
732,704,fb
733,707,fb
734,712,fb
735,712,fb
736,707,fb
737,702,fb
738,705,fb
739,705,fb
740,708,fb
741,713,fb
742,711,fb
743,710,fb
744,706,fb
745,706,fb
746,701,fb
747,697,fb
748,696,fb
749,692,fb
750,691,fb
751,689,fb
752,688,fb
753,686,fb
754,681,fb
755,683,fb
756,686,fb
757,683,fb
758,683,fb
759,684,fb
760,685,fb
761,685,fb
762,680,fb
763,685,fb
764,690,fb
765,695,fb
766,699,fb
767,698,fb
768,702,fb
769,701,fb
770,699,fb
771,699,fb
772,695,fb
773,699,fb
774,701,fb
775,705,fb
776,703,fb
777,701,fb
778,705,fb
779,705,fb
780,706,fb
781,707,fb
782,703,fb
783,701,fb
784,700,fb
785,701,fb
786,701,fb
787,699,fb
788,697,fb
789,702,fb
790,699,fb
791,699,fb
792,701,fb
793,702,fb
794,702,fb
795,701,fb
796,697,fb
797,694,fb
798,699,fb
799,699,fb
800,696,fb
801,700,fb
802,698,fb
803,701,fb
804,697,fb
805,695,fb
806,699,fb
807,697,fb
808,702,fb
809,700,fb
810,702,fb
811,698,fb
812,700,fb
813,701,fb
814,703,fb
815,708,fb
816,709,fb
817,708,fb
818,708,fb
819,706,fb
820,703,fb
821,701,fb
822,705,fb
823,708,fb
824,713,fb
825,713,fb
826,712,fb
827,709,fb
828,707,fb
829,703,fb
830,698,fb
831,699,fb
832,695,fb
833,696,fb
834,696,fb
835,692,fb
836,693,fb
837,695,fb
838,693,fb
839,695,fb
840,699,fb
841,696,fb
842,697,fb
843,693,fb
844,698,fb
845,696,fb
846,693,fb
847,689,fb
848,693,fb
849,689,fb
850,689,fb
851,693,fb
852,694,fb
853,692,fb
854,694,fb
855,690,fb
856,690,fb
857,694,fb
858,692,fb
859,691,fb
860,691,fb
861,692,fb
862,689,fb
863,688,fb
864,687,fb
865,688,fb
866,690,fb
867,691,fb
868,690,fb
869,686,fb
870,691,fb
871,689,fb
872,688,fb
873,687,fb
874,685,fb
875,681,fb
876,677,fb
877,681,fb
878,679,fb
879,676,fb
880,680,fb
881,679,fb
882,678,fb
883,674,fb
884,669,fb
885,674,fb
886,673,fb
887,673,fb
888,677,fb
889,677,fb
890,681,fb
891,685,fb
892,680,fb
893,682,fb
894,678,fb
895,683,fb
896,682,fb
897,678,fb
898,677,fb
899,678,fb
900,675,fb
901,675,fb
902,675,fb
903,676,fb
904,671,fb
905,675,fb
906,679,fb
907,683,fb
908,682,fb
909,681,fb
910,678,fb
911,674,fb
912,671,fb
913,672,fb
914,673,fb
915,669,fb
916,668,fb
917,671,fb
918,668,fb
919,664,fb
920,668,fb
921,672,fb
922,668,fb
923,667,fb
924,669,fb
925,669,fb
926,670,fb
927,672,fb
928,673,fb
929,668,fb
930,672,fb
931,675,fb
932,679,fb
933,674,fb
934,679,fb
935,683,fb
936,680,fb
937,677,fb
938,676,fb
939,676,fb
940,677,fb
941,677,fb
942,680,fb
943,681,fb
944,684,fb
945,686,fb
946,688,fb
947,691,fb
948,696,fb
949,695,fb
950,690,fb
951,690,fb
952,688,fb
953,690,fb
954,688,fb
955,690,fb
956,692,fb
957,694,fb
958,689,fb
959,691,fb
960,692,fb
961,695,fb
962,696,fb
963,698,fb
964,699,fb
965,700,fb
966,704,fb
967,699,fb
968,701,fb
969,699,fb
970,699,fb
971,704,fb
972,704,fb
973,703,fb
974,701,fb
975,705,fb
976,708,fb
977,709,fb
978,708,fb
979,705,fb
980,706,fb
981,705,fb
982,707,fb
983,704,fb
984,702,fb
985,703,fb
986,707,fb
987,709,fb
988,711,fb
989,711,fb
990,707,fb
991,705,fb
992,704,fb
993,703,fb
994,706,fb
995,706,fb
996,704,fb
997,707,fb
998,709,fb
999,708,fb
0,497,aapl
1,500,aapl
2,505,aapl
3,509,aapl
4,508,aapl
5,509,aapl
6,511,aapl
7,509,aapl
8,508,aapl
9,508,aapl
10,504,aapl
11,502,aapl
12,507,aapl
13,511,aapl
14,513,aapl
15,512,aapl
16,517,aapl
17,514,aapl
18,516,aapl
19,516,aapl
20,520,aapl
21,520,aapl
22,518,aapl
23,520,aapl
24,523,aapl
25,520,aapl
26,517,aapl
27,513,aapl
28,516,aapl
29,515,aapl
30,519,aapl
31,522,aapl
32,523,aapl
33,520,aapl
34,523,aapl
35,521,aapl
36,523,aapl
37,519,aapl
38,519,aapl
39,523,aapl
40,522,aapl
41,526,aapl
42,525,aapl
43,523,aapl
44,523,aapl
45,521,aapl
46,523,aapl
47,523,aapl
48,520,aapl
49,520,aapl
50,515,aapl
51,511,aapl
52,508,aapl
53,505,aapl
54,501,aapl
55,498,aapl
56,497,aapl
57,500,aapl
58,501,aapl
59,497,aapl
60,502,aapl
61,500,aapl
62,501,aapl
63,501,aapl
64,503,aapl
65,503,aapl
66,506,aapl
67,502,aapl
68,506,aapl
69,509,aapl
70,512,aapl
71,515,aapl
72,512,aapl
73,515,aapl
74,517,aapl
75,515,aapl
76,515,aapl
77,517,aapl
78,521,aapl
79,526,aapl
80,529,aapl
81,524,aapl
82,526,aapl
83,529,aapl
84,527,aapl
85,527,aapl
86,527,aapl
87,526,aapl
88,525,aapl
89,521,aapl
90,518,aapl
91,515,aapl
92,513,aapl
93,510,aapl
94,505,aapl
95,505,aapl
96,500,aapl
97,500,aapl
98,499,aapl
99,499,aapl
100,495,aapl
101,497,aapl
102,493,aapl
103,492,aapl
104,493,aapl
105,491,aapl
106,488,aapl
107,484,aapl
108,483,aapl
109,479,aapl
110,476,aapl
111,474,aapl
112,471,aapl
113,467,aapl
114,465,aapl
115,461,aapl
116,459,aapl
117,462,aapl
118,459,aapl
119,461,aapl
120,465,aapl
121,469,aapl
122,467,aapl
123,467,aapl
124,462,aapl
125,464,aapl
126,467,aapl
127,469,aapl
128,467,aapl
129,467,aapl
130,472,aapl
131,471,aapl
132,468,aapl
133,468,aapl
134,469,aapl
135,466,aapl
136,466,aapl
137,463,aapl
138,465,aapl
139,462,aapl
140,457,aapl
141,455,aapl
142,457,aapl
143,454,aapl
144,453,aapl
145,456,aapl
146,454,aapl
147,454,aapl
148,459,aapl
149,460,aapl
150,457,aapl
151,454,aapl
152,453,aapl
153,449,aapl
154,449,aapl
155,446,aapl
156,442,aapl
157,446,aapl
158,444,aapl
159,443,aapl
160,448,aapl
161,446,aapl
162,449,aapl
163,452,aapl
164,455,aapl
165,459,aapl
166,454,aapl
167,458,aapl
168,455,aapl
169,450,aapl
170,450,aapl
171,455,aapl
172,456,aapl
173,454,aapl
174,453,aapl
175,453,aapl
176,454,aapl
177,454,aapl
178,452,aapl
179,449,aapl
180,445,aapl
181,445,aapl
182,446,aapl
183,445,aapl
184,443,aapl
185,446,aapl
186,441,aapl
187,442,aapl
188,444,aapl
189,447,aapl
190,449,aapl
191,445,aapl
192,445,aapl
193,444,aapl
194,440,aapl
195,436,aapl
196,434,aapl
197,437,aapl
198,438,aapl
199,437,aapl
200,438,aapl
201,436,aapl
202,432,aapl
203,431,aapl
204,431,aapl
205,431,aapl
206,429,aapl
207,432,aapl
208,427,aapl
209,430,aapl
210,428,aapl
211,431,aapl
212,433,aapl
213,428,aapl
214,425,aapl
215,422,aapl
216,421,aapl
217,421,aapl
218,417,aapl
219,412,aapl
220,407,aapl
221,403,aapl
222,403,aapl
223,399,aapl
224,399,aapl
225,399,aapl
226,400,aapl
227,401,aapl
228,398,aapl
229,395,aapl
230,393,aapl
231,389,aapl
232,390,aapl
233,393,aapl
234,398,aapl
235,396,aapl
236,395,aapl
237,398,aapl
238,403,aapl
239,401,aapl
240,399,aapl
241,394,aapl
242,394,aapl
243,393,aapl
244,389,aapl
245,393,aapl
246,389,aapl
247,388,aapl
248,386,aapl
249,388,aapl
250,391,aapl
251,391,aapl
252,395,aapl
253,393,aapl
254,390,aapl
255,394,aapl
256,398,aapl
257,394,aapl
258,399,aapl
259,402,aapl
260,399,aapl
261,398,aapl
262,402,aapl
263,406,aapl
264,406,aapl
265,402,aapl
266,402,aapl
267,405,aapl
268,404,aapl
269,406,aapl
270,407,aapl
271,405,aapl
272,402,aapl
273,406,aapl
274,404,aapl
275,406,aapl
276,407,aapl
277,410,aapl
278,410,aapl
279,411,aapl
280,413,aapl
281,413,aapl
282,415,aapl
283,416,aapl
284,419,aapl
285,421,aapl
286,424,aapl
287,423,aapl
288,422,aapl
289,423,aapl
290,423,aapl
291,425,aapl
292,424,aapl
293,421,aapl
294,422,aapl
295,421,aapl
296,417,aapl
297,417,aapl
298,421,aapl
299,418,aapl
300,420,aapl
301,415,aapl
302,411,aapl
303,410,aapl
304,413,aapl
305,416,aapl
306,417,aapl
307,415,aapl
308,417,aapl
309,419,aapl
310,419,aapl
311,419,aapl
312,423,aapl
313,423,aapl
314,421,aapl
315,424,aapl
316,428,aapl
317,432,aapl
318,429,aapl
319,429,aapl
320,429,aapl
321,429,aapl
322,425,aapl
323,428,aapl
324,430,aapl
325,430,aapl
326,431,aapl
327,432,aapl
328,432,aapl
329,427,aapl
330,422,aapl
331,423,aapl
332,423,aapl
333,426,aapl
334,425,aapl
335,426,aapl
336,428,aapl
337,428,aapl
338,430,aapl
339,433,aapl
340,428,aapl
341,426,aapl
342,425,aapl
343,424,aapl
344,423,aapl
345,421,aapl
346,422,aapl
347,425,aapl
348,427,aapl
349,423,aapl
350,423,aapl
351,428,aapl
352,432,aapl
353,428,aapl
354,425,aapl
355,429,aapl
356,429,aapl
357,432,aapl
358,436,aapl
359,437,aapl
360,441,aapl
361,445,aapl
362,443,aapl
363,441,aapl
364,445,aapl
365,448,aapl
366,448,aapl
367,452,aapl
368,456,aapl
369,461,aapl
370,462,aapl
371,463,aapl
372,466,aapl
373,463,aapl
374,463,aapl
375,463,aapl
376,461,aapl
377,460,aapl
378,458,aapl
379,461,aapl
380,463,aapl
381,460,aapl
382,460,aapl
383,463,aapl
384,462,aapl
385,465,aapl
386,467,aapl
387,468,aapl
388,472,aapl
389,475,aapl
390,473,aapl
391,478,aapl
392,475,aapl
393,476,aapl
394,476,aapl
395,472,aapl
396,471,aapl
397,472,aapl
398,468,aapl
399,463,aapl
400,463,aapl
401,462,aapl
402,458,aapl
403,459,aapl
404,459,aapl
405,456,aapl
406,452,aapl
407,454,aapl
408,459,aapl
409,460,aapl
410,461,aapl
411,458,aapl
412,457,aapl
413,455,aapl
414,455,aapl
415,457,aapl
416,453,aapl
417,457,aapl
418,455,aapl
419,454,aapl
420,452,aapl
421,450,aapl
422,446,aapl
423,451,aapl
424,447,aapl
425,442,aapl
426,443,aapl
427,448,aapl
428,449,aapl
429,451,aapl
430,449,aapl
431,449,aapl
432,453,aapl
433,455,aapl
434,454,aapl
435,450,aapl
436,445,aapl
437,449,aapl
438,451,aapl
439,447,aapl
440,443,aapl
441,443,aapl
442,439,aapl
443,439,aapl
444,441,aapl
445,443,aapl
446,439,aapl
447,438,aapl
448,436,aapl
449,433,aapl
450,437,aapl
451,439,aapl
452,444,aapl
453,443,aapl
454,445,aapl
455,447,aapl
456,449,aapl
457,447,aapl
458,447,aapl
459,449,aapl
460,452,aapl
461,455,aapl
462,456,aapl
463,454,aapl
464,458,aapl
465,460,aapl
466,462,aapl
467,467,aapl
468,468,aapl
469,465,aapl
470,465,aapl
471,461,aapl
472,458,aapl
473,461,aapl
474,460,aapl
475,459,aapl
476,462,aapl
477,460,aapl
478,456,aapl
479,451,aapl
480,449,aapl
481,453,aapl
482,449,aapl
483,449,aapl
484,446,aapl
485,447,aapl
486,449,aapl
487,450,aapl
488,451,aapl
489,449,aapl
490,454,aapl
491,457,aapl
492,457,aapl
493,454,aapl
494,455,aapl
495,459,aapl
496,455,aapl
497,456,aapl
498,454,aapl
499,458,aapl
500,453,aapl
501,453,aapl
502,452,aapl
503,448,aapl
504,448,aapl
505,447,aapl
506,443,aapl
507,447,aapl
508,445,aapl
509,441,aapl
510,445,aapl
511,447,aapl
512,452,aapl
513,447,aapl
514,450,aapl
515,445,aapl
516,443,aapl
517,438,aapl
518,437,aapl
519,432,aapl
520,431,aapl
521,431,aapl
522,431,aapl
523,430,aapl
524,426,aapl
525,429,aapl
526,429,aapl
527,431,aapl
528,431,aapl
529,431,aapl
530,432,aapl
531,432,aapl
532,436,aapl
533,432,aapl
534,434,aapl
535,432,aapl
536,428,aapl
537,429,aapl
538,433,aapl
539,431,aapl
540,427,aapl
541,429,aapl
542,434,aapl
543,432,aapl
544,434,aapl
545,433,aapl
546,436,aapl
547,438,aapl
548,439,aapl
549,440,aapl
550,436,aapl
551,441,aapl
552,445,aapl
553,442,aapl
554,440,aapl
555,441,aapl
556,442,aapl
557,438,aapl
558,438,aapl
559,442,aapl
560,447,aapl
561,446,aapl
562,443,aapl
563,439,aapl
564,440,aapl
565,441,aapl
566,442,aapl
567,440,aapl
568,440,aapl
569,441,aapl
570,441,aapl
571,437,aapl
572,434,aapl
573,439,aapl
574,439,aapl
575,442,aapl
576,444,aapl
577,444,aapl
578,441,aapl
579,446,aapl
580,449,aapl
581,445,aapl
582,449,aapl
583,446,aapl
584,443,aapl
585,446,aapl
586,450,aapl
587,452,aapl
588,455,aapl
589,452,aapl
590,448,aapl
591,448,aapl
592,452,aapl
593,454,aapl
594,453,aapl
595,455,aapl
596,454,aapl
597,457,aapl
598,458,aapl
599,463,aapl
600,460,aapl
601,456,aapl
602,461,aapl
603,458,aapl
604,460,aapl
605,462,aapl
606,467,aapl
607,471,aapl
608,466,aapl
609,464,aapl
610,468,aapl
611,471,aapl
612,473,aapl
613,475,aapl
614,479,aapl
615,476,aapl
616,479,aapl
617,478,aapl
618,482,aapl
619,483,aapl
620,484,aapl
621,483,aapl
622,479,aapl
623,480,aapl
624,480,aapl
625,477,aapl
626,474,aapl
627,471,aapl
628,471,aapl
629,469,aapl
630,466,aapl
631,469,aapl
632,472,aapl
633,470,aapl
634,468,aapl
635,468,aapl
636,470,aapl
637,474,aapl
638,476,aapl
639,473,aapl
640,472,aapl
641,473,aapl
642,472,aapl
643,469,aapl
644,469,aapl
645,469,aapl
646,473,aapl
647,475,aapl
648,471,aapl
649,468,aapl
650,472,aapl
651,468,aapl
652,472,aapl
653,468,aapl
654,464,aapl
655,466,aapl
656,469,aapl
657,471,aapl
658,466,aapl
659,471,aapl
660,468,aapl
661,471,aapl
662,468,aapl
663,465,aapl
664,470,aapl
665,474,aapl
666,479,aapl
667,476,aapl
668,475,aapl
669,474,aapl
670,477,aapl
671,473,aapl
672,474,aapl
673,475,aapl
674,473,aapl
675,472,aapl
676,474,aapl
677,470,aapl
678,471,aapl
679,475,aapl
680,472,aapl
681,472,aapl
682,469,aapl
683,464,aapl
684,463,aapl
685,466,aapl
686,465,aapl
687,462,aapl
688,460,aapl
689,459,aapl
690,461,aapl
691,465,aapl
692,467,aapl
693,470,aapl
694,468,aapl
695,464,aapl
696,459,aapl
697,459,aapl
698,462,aapl
699,458,aapl
700,457,aapl
701,462,aapl
702,463,aapl
703,461,aapl
704,459,aapl
705,457,aapl
706,460,aapl
707,465,aapl
708,464,aapl
709,466,aapl
710,464,aapl
711,466,aapl
712,467,aapl
713,462,aapl
714,467,aapl
715,469,aapl
716,470,aapl
717,468,aapl
718,465,aapl
719,460,aapl
720,457,aapl
721,455,aapl
722,457,aapl
723,460,aapl
724,459,aapl
725,462,aapl
726,459,aapl
727,462,aapl
728,460,aapl
729,457,aapl
730,453,aapl
731,454,aapl
732,457,aapl
733,458,aapl
734,458,aapl
735,456,aapl
736,458,aapl
737,458,aapl
738,458,aapl
739,461,aapl
740,464,aapl
741,466,aapl
742,470,aapl
743,473,aapl
744,469,aapl
745,466,aapl
746,464,aapl
747,463,aapl
748,468,aapl
749,466,aapl
750,470,aapl
751,474,aapl
752,472,aapl
753,474,aapl
754,475,aapl
755,471,aapl
756,473,aapl
757,476,aapl
758,473,aapl
759,471,aapl
760,472,aapl
761,467,aapl
762,467,aapl
763,471,aapl
764,471,aapl
765,469,aapl
766,467,aapl
767,471,aapl
768,476,aapl
769,474,aapl
770,477,aapl
771,474,aapl
772,478,aapl
773,476,aapl
774,480,aapl
775,476,aapl
776,473,aapl
777,477,aapl
778,478,aapl
779,478,aapl
780,477,aapl
781,480,aapl
782,483,aapl
783,488,aapl
784,488,aapl
785,485,aapl
786,481,aapl
787,482,aapl
788,485,aapl
789,482,aapl
790,479,aapl
791,483,aapl
792,484,aapl
793,480,aapl
794,481,aapl
795,477,aapl
796,478,aapl
797,482,aapl
798,480,aapl
799,477,aapl
800,480,aapl
801,477,aapl
802,475,aapl
803,480,aapl
804,478,aapl
805,478,aapl
806,478,aapl
807,481,aapl
808,483,aapl
809,483,aapl
810,482,aapl
811,486,aapl
812,486,aapl
813,484,aapl
814,480,aapl
815,482,aapl
816,477,aapl
817,476,aapl
818,479,aapl
819,481,aapl
820,481,aapl
821,485,aapl
822,482,aapl
823,484,aapl
824,483,aapl
825,483,aapl
826,481,aapl
827,477,aapl
828,480,aapl
829,483,aapl
830,486,aapl
831,487,aapl
832,491,aapl
833,492,aapl
834,492,aapl
835,489,aapl
836,491,aapl
837,493,aapl
838,492,aapl
839,494,aapl
840,494,aapl
841,497,aapl
842,494,aapl
843,490,aapl
844,488,aapl
845,487,aapl
846,483,aapl
847,486,aapl
848,485,aapl
849,486,aapl
850,485,aapl
851,488,aapl
852,493,aapl
853,489,aapl
854,492,aapl
855,491,aapl
856,491,aapl
857,495,aapl
858,493,aapl
859,497,aapl
860,493,aapl
861,494,aapl
862,494,aapl
863,490,aapl
864,488,aapl
865,490,aapl
866,486,aapl
867,489,aapl
868,486,aapl
869,491,aapl
870,495,aapl
871,491,aapl
872,488,aapl
873,490,aapl
874,488,aapl
875,484,aapl
876,488,aapl
877,487,aapl
878,489,aapl
879,493,aapl
880,492,aapl
881,488,aapl
882,491,aapl
883,491,aapl
884,494,aapl
885,493,aapl
886,489,aapl
887,487,aapl
888,490,aapl
889,489,aapl
890,485,aapl
891,487,aapl
892,485,aapl
893,488,aapl
894,487,aapl
895,483,aapl
896,481,aapl
897,480,aapl
898,478,aapl
899,483,aapl
900,488,aapl
901,485,aapl
902,485,aapl
903,489,aapl
904,491,aapl
905,496,aapl
906,495,aapl
907,493,aapl
908,492,aapl
909,493,aapl
910,489,aapl
911,491,aapl
912,493,aapl
913,491,aapl
914,495,aapl
915,499,aapl
916,503,aapl
917,508,aapl
918,511,aapl
919,511,aapl
920,508,aapl
921,508,aapl
922,510,aapl
923,512,aapl
924,513,aapl
925,513,aapl
926,514,aapl
927,516,aapl
928,514,aapl
929,517,aapl
930,515,aapl
931,517,aapl
932,513,aapl
933,517,aapl
934,522,aapl
935,521,aapl
936,520,aapl
937,525,aapl
938,529,aapl
939,533,aapl
940,533,aapl
941,529,aapl
942,531,aapl
943,534,aapl
944,537,aapl
945,540,aapl
946,543,aapl
947,541,aapl
948,538,aapl
949,536,aapl
950,532,aapl
951,534,aapl
952,530,aapl
953,531,aapl
954,528,aapl
955,532,aapl
956,529,aapl
957,531,aapl
958,526,aapl
959,530,aapl
960,531,aapl
961,531,aapl
962,526,aapl
963,525,aapl
964,529,aapl
965,532,aapl
966,530,aapl
967,528,aapl
968,526,aapl
969,527,aapl
970,522,aapl
971,523,aapl
972,524,aapl
973,520,aapl
974,522,aapl
975,518,aapl
976,516,aapl
977,516,aapl
978,517,aapl
979,512,aapl
980,510,aapl
981,507,aapl
982,511,aapl
983,514,aapl
984,513,aapl
985,511,aapl
986,506,aapl
987,505,aapl
988,507,aapl
989,509,aapl
990,512,aapl
991,517,aapl
992,514,aapl
993,517,aapl
994,515,aapl
995,517,aapl
996,522,aapl
997,522,aapl
998,519,aapl
999,519,aapl
